Model,Accuracy,Precision,Recall,F1-Score,ROC-AUC,Train Time (s),FPR,FNR
CatBoost,0.9701875,0.9629505448449287,0.9573333333333334,0.9601337233597994,0.9940034000000001,19.503724098205566,0.0221,0.042666666666666665
LightGBM,0.9670625,0.9561593598933156,0.956,0.9560796733061089,0.9934976000000001,2.106694459915161,0.0263,0.044
KNN,0.93325,0.8982558139534884,0.927,0.9124015748031497,0.9690183166666666,0.0870053768157959,0.063,0.073
Naive Bayes,0.375,0.375,1.0,0.5454545454545454,0.5,0.10130548477172852,1.0,0.0
